2020,2030,2040,2050,2060,2070,2080,2090,2100,Agg_Category
52778.35739083995,48126.44149147164,42003.4060383138,35685.52261621241,29269.30244245689,23731.52993161546,19638.64872158845,16740.166399446152,14610.66938446971,C56
52018.88955371035,55876.29904384824,57975.5521805617,53255.7381247033,47467.30065174828,41005.8407500513,35205.63821053598,30248.56328542541,26898.48411138685,C56
59194.18442475166,50964.3451493344,43813.96848534852,35886.01488106434,29281.509040076784,23220.361850979283,19174.19297334334,15763.821330243178,13155.468006033783,C56
59147.084357356034,59826.18605712437,60078.27198722945,53194.11590750595,45569.19642108505,39634.898849122015,33858.19189545893,28945.90493079827,24588.853037054352,C56
58042.41800807633,52281.52243955486,29454.30953389416,24561.35006040472,19029.34910376843,18464.2885607711,20018.16440011188,20300.0338587703,18360.77283225376,C56
57821.41653099615,36637.34487411525,31239.335667603827,27604.042910067543,22469.83460810849,21767.46532205456,23352.23251543874,23861.49820491908,21333.575787339298,C56
59063.92894624159,55857.67470824565,41272.32116922483,35865.23648978716,29238.198962989733,18777.89811025051,8398.490012140226,8353.700557220693,8471.227329470385,C56
59063.92894624159,55857.67470824565,42795.4022824104,37144.40863192368,30841.532525047045,21418.89951622821,10280.951157115416,5197.9487971515055,5296.387591034304,C56
59063.92894624159,55857.67470824565,45043.40972971508,39180.64037264008,33455.677563794445,25001.96128665899,13697.239303955796,9026.264787312572,9144.409772658975,C56
59063.92894624159,55857.67470824565,45043.40972971508,39180.64037264008,33455.677563794445,25001.96128665899,13697.239303955796,9026.264787312572,9144.409772658975,C56
59232.99184055899,57287.3800038191,53583.49971415551,48033.46165731114,42147.33829349773,37060.76238267972,32301.80067409464,28288.55114169552,24849.38692754566,C56
59063.92894624159,46394.77249071401,42409.94478387421,36689.46109644308,31014.22381083612,23096.296175810927,12332.350909571467,8356.852496291973,8474.443322466715,C56
59063.92894624159,46394.77249071401,42409.94478387421,36689.46109644308,31014.22381083612,23096.296175810927,12332.350909571467,7637.025920920273,7751.030710453822,C56
59063.92894624159,47831.57553234156,43918.58520383938,38487.50052182018,33298.39464007479,25782.78810221337,15391.144656535467,11410.59201661806,11536.62802240943,C56
59063.92894624159,47831.57553234156,43918.58520383938,38487.50052182018,33298.39464007479,25782.78810221337,15391.144656535467,11410.59201661806,11536.62802240943,C56
58232.14450112276,57927.74570431528,59283.83626352029,51553.40990303873,44702.38381516261,39613.41589093661,34566.63714942077,30129.75826185609,26104.26246621501,C56
58226.913401973405,47956.204577240685,42159.62593496166,35540.50314466566,29544.24270066548,24083.23758842013,20630.79213371628,17755.185070186926,15609.518665361731,C56
54151.422083203885,56963.0354659046,56978.57022834356,55381.90566320789,58178.07305732667,61105.22832057375,59874.47501358856,58557.48118056217,56641.98782560256,C56
53829.86875309667,39124.8702091147,38952.08788064522,32910.13392536468,32264.95478220112,31062.379610836,29798.928428105857,29436.08571960837,29362.91595740454,C56
54108.41831159743,52565.77592678382,52774.24320993044,51841.02885415203,52400.46448600966,55134.45169290908,54360.49187825452,52673.97069797938,52538.77433310801,C56
53854.81600671959,51290.43460337238,43225.07963666586,37672.2040410932,26856.50771046508,14395.94207163606,1428.6470335345591,-7083.11430818158,-8100.163321729939,C56
53933.87093622873,50622.66643923247,44053.98477386596,39481.05133613281,31243.810498984527,19073.052503770858,5168.605655803703,-6874.406380121053,-8842.889551208924,C56
53931.433975342174,50601.54312743524,43234.32405931952,38088.47256110275,27864.373357475088,17196.052405603088,8842.840217204808,8341.484734982436,7746.859535006675,C56
54252.88523213175,51579.82569884815,46232.546261546224,42636.30901508063,37846.28466559389,25934.060569915506,10595.671032213602,-2879.397310545734,-6081.002787042901,C56
53935.6976438416,50594.67604722217,44796.517636558034,40983.27101001438,35344.04228428367,23849.581348329182,10677.246298225647,8447.022312865573,7887.174368291763,C56
54201.72103578283,51678.22933223999,46786.45498142163,42942.43310879838,39565.92620255508,30512.970505664976,14146.89413279849,-635.7269409485398,-4674.49711903572,C56
54336.614832822735,51490.36894098728,47059.61722506085,44295.97403465826,41075.64909327812,32894.22665221159,17277.993262436023,9715.464069681886,9109.53180151246,C56
54322.9992500937,52617.33963768368,48816.80583857274,45719.6045769479,42647.0390063996,37022.34340238768,19371.78636197582,2438.0623171390303,-653.2887832165098,C56
54214.33422354653,51700.44773168726,49615.36965343105,47181.2403642612,46086.19737627992,41346.9161566777,26508.67127859712,11381.17832821976,10616.219758999276,C56
54322.9992500937,52618.18373809868,50747.09877372412,47957.08101716346,46516.61095179658,42108.64176708542,27017.939511905,8715.07894076975,4589.35007731629,C56
54185.317068912125,51835.89228185503,50541.95062646224,49065.78659462187,50387.88529555006,48223.48857489478,41639.4394457416,27604.04467225993,21034.738071531672,C56
54185.317068912125,51835.89228185503,50541.95062646224,49065.78659462187,50387.88529555006,48223.48857489478,41421.7631776816,27414.396466189926,20811.642276141672,C56
54182.88318886816,52535.37127550171,53964.71829866192,52990.83605048572,56193.53210664284,58511.206932514,58722.37282183772,56450.54375319465,55037.43177380482,C56
53067.66866407474,47166.24811484834,48586.54156213025,47086.73093120654,49030.00773712472,50730.71066973072,50810.43852486202,49659.62386203737,48952.364446731466,C56
53854.81600671959,50644.03271845038,45123.84326300986,38202.6538031962,25965.10199289108,13624.99162376306,1104.5452060605608,-6755.855118624579,-7874.388795153939,C56
53854.81600671959,51134.272168200376,47053.77842267086,41342.1575106112,30144.38427476808,19163.60719013506,5418.30123344956,-5697.699745995578,-7288.781738541941,C56
54246.15358944143,50650.81606963207,45633.49416243696,38814.677095062405,26498.07769859457,16325.115749383898,9286.24001987877,8712.540549689069,8124.329912951329,C56
54252.88523213175,52128.55593591043,48522.83026672297,44246.87515121794,35495.80190170603,23773.820957673663,9700.048514491302,-3504.6047024820746,-5981.789466790921,C56
54283.140286647336,52548.16038583326,48273.21037323741,43588.33852973453,34134.127486080346,23068.870669000324,10765.384568281968,9590.548007335245,9020.260196851405,C56
54201.72103578283,52417.03654384891,48976.160869066414,44811.01323446712,37408.23508715828,27735.38300969976,13247.33510474891,-1137.3441793083198,-5132.959115095421,C56
54323.29540778655,53408.41563963088,50422.09806225832,47057.5128091519,38985.98486569119,29469.83560902827,15247.50329888716,8597.07825218534,8013.94303938118,C56
54323.29540778655,53669.54133655484,51229.07134489884,48252.34110628354,40737.67177553447,34144.63310937833,17667.716103529063,2234.34040180226,-1408.7812619298206,C56
54125.82670362337,52923.78182982602,51833.2963433296,49321.28914449924,44731.826283972834,38102.305517074456,24364.45173084728,11098.249947796605,10495.175565513506,C56
54322.9992500937,53877.32223578368,52947.84801050412,50157.04419538646,45583.21460575158,39077.57489666842,24452.839793215,7934.71399047975,4340.97484854029,C56
54185.317068912125,53730.53213081339,52880.13319319509,50857.43523624621,51605.240324583305,47744.36905962098,39343.40094714252,23917.93416510928,17537.367905632123,C56
54185.317068912125,53730.53223081339,52880.13316529509,50857.43523624621,51456.25436085331,47307.58469139098,39344.24445162252,23659.30133934728,17286.726137281126,C56
54151.422083203885,56883.2990347646,56864.09830836356,55234.42165970789,58016.41115267667,60938.83483539375,59702.60770743856,58379.43558402217,56456.67882955255,C56
55039.54825943675,55140.8186653386,54428.56174262895,53815.70436803017,53133.56264351316,52445.4984100492,51748.84307244065,51056.63844241694,50369.19389229553,C56
56962.17001366566,53982.25739029953,49473.719865120926,44802.77005890288,40414.83122333344,34752.707566734505,33383.0303401963,31088.21087593981,28610.96922311513,C56
56174.26490236833,47985.855849643645,42185.66259858886,35915.821232276685,28816.47271778106,22383.09160608037,15625.860504154389,12252.326012792018,12090.04179128415,C56
56169.72056244527,48466.32826777423,43125.41010943982,37419.18822132565,30643.967686322423,24730.294818725928,18476.02778976262,12263.586940494552,12105.21689064275,C56
56172.94568863065,48858.92838770331,43917.73981731644,38676.997173112126,32228.65039257948,26730.80515621881,20913.90893970607,15147.56746626395,12101.09554793486,C56
56177.20934713008,49214.78504484866,44609.61156130151,39764.60999322483,33618.27165511132,28479.74330448016,23080.57906470889,17679.53400904794,12105.05667917052,C56
56174.26490236833,48110.228224506616,42431.20507187403,36321.26910727229,29303.14718870544,23013.55129761539,16390.32892064345,9838.925194882651,3133.11263182504,C56
52145.39285757224,51227.45136149984,52488.96851223876,50880.41924936414,51285.29172967842,52752.37135418181,53014.22497028412,52682.45392250496,51562.67714151235,C56
57316.96393945555,55650.62109606499,41293.09381982749,34737.57313391998,30379.363186481056,26666.6744636061,21791.35890283535,14945.86517050274,9140.49356290455,C56
57316.96393945555,55650.62109606499,41293.09381982749,34737.57313391998,30379.363186481056,26666.6744636061,21791.35890283535,14945.86517050274,9140.49356290455,C56
53303.77760808413,54105.93542927611,52500.060382900665,51975.084687040704,51281.749655069725,52266.85269865854,53675.89196554524,56241.67308257432,58756.9417537348,C56
53867.01815494274,52498.24780385074,51049.68478361826,49047.61548677734,49065.64504390732,50394.41269783312,51592.25951114402,53743.30204107556,55930.68952876327,C56
57472.93928404616,54673.02026822251,52745.40708356952,50863.62812103392,51160.77256753024,52330.51224941481,53239.01985902332,54392.12636749764,56561.41529610143,C56
58124.40860222746,49738.88015355258,37538.043560081285,30124.82592515625,23509.84139465983,18694.33651289216,12251.72182279053,6931.36684065637,6901.99799964885,C56
57312.74615346693,48695.37814284036,40293.891019450864,34671.602613822375,31769.09894817441,28174.46428541424,23088.644998597352,17255.5091411861,10338.169486929151,C56
57312.74615346693,48695.37814284036,40293.891019450864,34671.602613822375,31769.09894817441,28174.46428541424,23088.644998597352,17255.5091411861,10338.169486929151,C56
57979.23100778787,47706.311380730695,40804.80158965936,34881.33426110572,28842.65962457153,24693.43996488141,22466.179258929304,19949.947622148,17262.537076547527,C56
58947.400438855584,55259.17109043375,39832.27482692491,29053.33939549572,24879.94138990153,19425.93758835141,13737.639855039304,10730.764940818,9515.006705577527,C56
58090.84038646558,53865.27410509523,54885.49017757867,56859.92929424848,56195.74599886007,52566.49322112175,41605.7882395225,31996.59058852944,31029.47986283977,C56
58090.84038646558,53865.27410509523,54885.49017757867,56859.92929424848,56195.74599886007,52566.49322112175,41605.7882395225,31996.59058852944,31029.47986283977,C56
57503.53116126616,56567.39709463883,55804.96274543074,57760.908856252296,57041.492813086224,51908.28206119407,39258.24639922259,29420.839030785228,29404.559636109,C56
57503.53116126616,56567.39709463883,55804.96274543074,57760.908856252296,57041.492813086224,51908.28206119407,39258.24639922259,29420.839030785228,29404.559636109,C56
57450.65574324353,57540.19793316648,53441.125708239706,47631.37759551379,43702.62841736502,43204.650733501,44663.1014235814,48981.663846470765,53255.686190648354,C56
54095.87384691471,44487.05814256036,33244.25019593066,26288.937973431734,20463.85305527409,16080.627571375802,12531.622294528015,9969.03554554326,8345.66174559957,C56
57004.07183369903,58391.70842331142,55426.02692918123,54617.14517590423,53355.89270803805,53086.33763189608,50341.16936357692,47477.43458457998,47991.96808911902,C56
56325.57414315904,56942.89733472143,54356.67491960124,53358.38833505423,52175.25861411806,51903.94078020608,49349.84311546692,46479.69404430998,47225.68914472903,C56
55597.0570866237,54120.89050304414,50424.579151112426,44239.76588407053,37555.54673195774,28034.45001207608,15651.40031512904,3857.8977907568296,-457.3144132044309,C56
55967.66657002067,56719.50450148194,57112.91133519118,55456.81354783868,51923.35327820048,44430.90426211098,33987.31495237432,26124.63820082824,18602.43748137172,C56
57242.56252761729,52530.737325760536,46197.962059872094,35966.00531795638,25026.674549466105,21821.45629815005,14925.963273631229,10610.21566702854,7986.48975930389,C56
58991.464389402725,62780.80313789026,60243.06558814516,55062.63923123838,48554.15621768642,42246.104623004,32291.00168835809,24241.2599647108,23298.40595524341,C56
61473.915418555705,56541.83262767296,42189.4618568504,31064.75662036299,18564.14508661628,14498.70971845095,13680.060411091072,13749.78466429253,13408.40185111036,C56
62765.77796813867,64954.45567535043,58197.41947275937,51846.03139649151,41487.89673947128,32162.565715483204,25205.72290861547,21340.34694895864,19731.81478207541,C56
57286.75144398733,53287.55259939803,46934.32357072937,35080.8020638861,24035.36607817576,18607.387688204763,14652.356196038048,10313.03890807717,8169.507595779673,C56
58659.66528816195,63197.81207464792,68438.50572063572,56584.75103752573,43937.36360390131,37892.00968708335,30117.2392151745,20912.53598845125,17892.260441358532,C56
59863.35041473735,58931.930304606285,51633.25660988437,39473.75484731592,25800.05207918977,18074.00145596881,14713.82670991264,10054.95884100321,7954.14469155235,C56
61224.30578732386,67868.54702605176,67106.5067944741,59090.96013528644,45397.79341355973,37247.79342824279,28840.35080917362,21018.06736889677,15400.55954684595,C56
54717.67069829589,51534.60031011889,40604.84662516218,31524.37376769564,25425.994177752626,19511.05197778675,16284.3413250446,11840.31831632592,8345.424465602391,C56
54734.66992366005,52520.850374827554,41172.1923061682,30922.58863334352,24507.012100784566,20905.92234135685,16882.78666477423,12294.89188378827,8472.83990322488,C56
54949.48433626346,49638.12819960347,37209.58542959991,30421.717156755178,26923.95715049596,23319.44383621412,16680.719064726152,11150.84193520074,8974.63982978079,C56
60905.28182929227,53484.223102944976,44795.14457114689,32481.61175765205,25545.120564769422,22998.36626638596,18481.86886371193,15189.88334771617,13139.76632623285,C56
60681.87990841346,57444.62330515413,50837.93693968586,42323.72729153301,33861.68964596594,28951.826762593453,23350.2794085158,18173.2017927738,13679.89067938469,C56
61169.34356176226,57522.95304516069,51430.18152024904,43152.67419558075,36797.87347161056,33449.57836325963,29925.41306904512,24786.92218838344,22338.865923821948,C56
56021.09383958727,52716.003963370174,44075.21924363867,35408.54186122857,30958.769206154942,25341.864284778,19091.49800742219,13641.21021488112,8419.95779764056,C56
55971.66111845728,50624.958684179255,46027.68618170918,43519.78093551644,39403.19441058199,25301.8280045816,15041.509967261289,11323.02648082618,9411.58476612128,C56
56013.84548283727,51739.4938601772,49969.65921758862,43797.42358335544,43724.13715357744,31310.20007568502,19573.11877375261,12195.990510965868,8835.228834586449,C56
56016.73273247727,50533.46316609535,41735.28680112983,35338.19289142035,29261.46009259233,23666.40491070238,18808.4011026715,13186.29889672163,10515.86144261956,C56
56086.28154006727,54363.065337862114,48630.24346974977,39491.87554637655,32737.58476911227,26297.078417625456,20042.756514190467,14398.90409594073,14293.02729977986,C56
56020.49574929727,50032.11964119914,45895.52827196007,39971.68628370207,33590.46339795646,27701.35612072487,22007.156507203825,18541.17941925933,18556.21840093496,C56
56094.97577475727,51486.247755280536,47942.07703033498,45031.46540618924,34815.28140284186,27297.63735590412,19754.629983682946,17192.006249458653,19065.90933243376,C56
56062.11472089728,51666.55372199366,41100.213869076986,37718.01594432632,32139.22786035761,24943.9904345814,19624.021969619323,16119.585937916629,17378.19993486366,C56
56108.45970314727,55480.23185396212,58145.07344590906,54465.52272805711,53707.13137720291,54579.75399623625,49690.29590177618,40886.204728837525,36123.45765525593,C56
56040.90752605727,50243.642035419136,49480.21659052214,49187.74695119994,51166.30831738548,54261.640744713295,54640.24494399142,48466.10214602488,45315.24698247564,C56
56040.91814605727,50267.007472260535,48239.82479946523,46247.62823260846,48929.71950281578,53162.444953146965,53140.39055355269,46877.99572051476,40959.33239460306,C56
56085.19990329727,53511.11666494366,53756.55556226386,51904.201902297886,53408.59456395712,52334.95779605192,44774.73980199027,34585.434529079095,30820.04477442509,C56
51541.14337523932,52197.066469451245,47900.39651328693,42795.81946575189,37649.41651335981,32865.36394172343,28508.427816264382,25376.06420402808,22752.6841463848,C56
51549.96874122816,56039.17583406744,59438.51159987498,59588.69725287134,57362.4216017735,54123.880238374695,50488.60593045386,46938.10802911948,43017.55751263122,C56
50784.56647801001,50982.78126456376,46136.33483605056,40896.31885194534,36023.031314944,32038.31656515893,28405.338323665448,25539.412063039228,23037.981882327946,C56
53818.04836602171,44367.11324230751,41687.94290082537,35622.37545573881,29311.928651826813,24294.5734164634,20162.180243838928,16245.684206012702,12908.41599413411,C56
53761.22842195881,45164.50358228296,42954.13640904975,38174.019934165735,33570.464092914,30306.94401342333,26857.91704755665,23401.250289235628,21641.26040522654,C56
50094.94641608335,47940.71614264415,44126.50798749668,40564.11930288199,33955.29626869706,23513.7851280031,13270.022175451462,4959.976161822505,-1504.129973917575,C56
51004.42971366684,52638.225553589255,51737.77764035552,50470.20882894672,48640.49507697635,43483.88264200582,35514.43493839598,25140.304284508973,14658.285093630157,C56
52659.13000819867,53241.80421350071,48459.65966488048,42179.44785721161,33345.65066822549,24250.55881875548,16352.503473461447,10076.480539618322,6494.392710779043,C56
53335.88482457335,56148.0774764118,55924.19047820471,53604.71412626931,49318.107263929225,44205.26141165043,35397.8571174956,25025.06218981265,18608.267197429377,C56
60058.06332875473,64555.44717498648,56398.596991060855,48195.0569402023,38781.89999039385,29134.374710585074,22577.60029435736,18350.06048777088,16364.858272392989,C56
61003.7389493129,71594.63675910834,74516.29245586798,74226.53674837663,68321.81134272255,57827.14220830786,48729.98438309396,43149.01232923207,39618.33456768647,C56
56019.16681929074,55354.88534219146,44391.970777568735,34422.37612723756,24192.314624400417,15611.075938671667,9103.496975015303,6352.328299606601,6303.984134594213,C56
56019.16681929074,54702.33360316329,44045.76354872385,34626.482880422845,24293.8065117318,15780.55158797602,9232.687514452567,6344.391914756685,6301.844072042548,C56
55895.779611307335,55139.44691126166,45157.68820524761,36833.42340985593,26939.710247135143,16587.860560669324,8182.114072837969,2315.6293363892423,-1456.991429680595,C56
53994.54978063292,52322.63093446357,44375.38901368631,36783.237065940586,27678.221843864343,18463.743423374293,10534.118614787214,3759.685510829489,-876.6282069261547,C56
53871.16257264952,50768.81150633901,44469.82289312272,36673.741790254106,27566.039481747743,18381.7326449866,10406.54325265807,3799.833654442895,-919.1100289078826,C56
55895.779611307335,54486.56655814909,44991.57123998732,36846.934613800535,26915.953970151008,16743.35594134816,8296.92437295536,2426.660410442387,-1398.303256975032,C56
55895.779611307335,55139.16237955586,47022.12602180556,39482.22168508583,30538.46369244397,19341.35547208503,11316.915007416092,6618.626013055622,6095.024970335689,C56
53803.03917423172,52099.94542721977,45902.84839853639,38551.69532350354,30181.023966461948,21369.74197443432,14305.27338797869,7842.870695414861,6030.464629203421,C56
53871.16257264952,50768.85558871761,46018.89073029813,38891.861932994485,30307.852707384936,21540.01821478958,14490.16032754242,8010.601543110364,6050.515001574554,C56
55895.779611307335,54486.610640527695,47225.73981268371,39516.80110441273,30543.895044427125,19432.818437983173,11359.843152189878,6610.491905576766,6087.019722770481,C56
56006.910299746734,55139.83368403726,47494.80273521136,40344.04246551888,31809.022221007737,20343.60599142205,12213.937649517393,4880.176209853752,450.6770765859585,C56
53871.16257264952,52106.90797182797,46071.852078819735,39074.72613742283,31003.23195834636,22505.53419228827,14840.678602672577,6605.354538098411,1387.447874561222,C56
53871.16257264952,50768.85558871761,46129.01004019057,39378.06247947954,31168.58022920577,22756.305393618488,14907.482055061158,6703.068001073076,1464.5387582590038,C56
56006.910299746734,54487.28194500909,47680.07004619611,40313.09332297724,31818.54585542461,20434.84554767753,12241.319490667853,4921.768280925062,461.7041615870709,C56
55828.57418987514,55141.39327078808,49190.238770986056,42583.6601407429,34935.909610544855,23651.60895105228,16007.856817078757,8929.040629343877,6169.062241679987,C56
53961.76895236692,52100.69865421859,48116.23526429411,41451.246511163416,34203.06770435249,27293.800360273184,18143.19432053008,10042.727517784662,6098.913416453529,C56
53961.76895236692,50762.64627110824,48208.6847795814,41809.31154464515,34331.73322919952,27476.206471029625,18248.280714343007,10137.886660954764,6100.574017889242,C56
55828.57418987514,54488.84153175992,49347.56120009402,42651.5132032709,34950.65946910872,23637.471448862045,15991.27026547941,8888.857249870716,6164.571660915804,C56
55828.57418987514,55141.39327078808,49133.967848417306,42774.93549253617,35514.7651376032,25588.71916805387,16117.95948999744,7749.815264541094,2900.77516939256,C56
53961.76895236692,52100.69865421859,47984.59444827842,41650.14295353162,34946.00838406581,28896.37349346316,17983.452543959687,9336.073747871862,3385.5600585228285,C56
53961.76895236692,50762.64627110824,48123.939562322936,41915.56269880407,34925.7468586106,29081.49675149482,18139.49374115199,9477.019436084312,3525.1686137523266,C56
55828.57418987514,54488.84153175992,49342.79944618593,42787.67807835572,35543.12069548782,25569.85911402024,16053.19314143744,7743.282647859783,2888.4164867450804,C56
55932.328423706334,55133.1013880697,53116.90529923568,49717.11976471039,44307.13008885695,37298.84167573225,26325.64817600391,17116.909348899328,9241.835672688583,C56
53794.44552041212,52102.06039679139,51042.44700822808,48186.6727600282,42991.7651827313,39105.00648735398,30954.94912562352,19014.39733027328,9684.596000229123,C56
53794.44552041212,50764.00801368103,51081.64623206349,48204.9674251849,43204.678150593245,39511.83942428318,31411.7112067172,19085.928167240945,9751.6635503704,C56
55819.062559069935,54486.83724170873,53270.25520253495,49592.846870533474,44422.340411270336,37335.23615707956,26320.21951493509,17125.67720815595,9270.463010958878,C56
55819.062559069935,55139.3889807369,52831.29928114743,49207.56920323388,43957.80356885546,37480.74603235987,27484.66100041281,16997.060289077806,8930.358812776522,C56
53794.44552041212,52102.06039679139,50883.95395982781,47878.89422300189,42791.02120986356,39467.13514350985,31091.6619822739,19228.382583848583,10417.615792172066,C56
53794.44552041212,50764.00801368103,50845.10128810724,47764.87576439888,42862.44883988606,39671.29847444678,31653.7254065586,19449.36002848893,10678.782117565672,C56
55819.062559069935,54486.83724170873,53103.0672594886,49241.52369018665,44293.28753785396,37424.73750604557,27443.784457566537,16894.792985920187,8788.223269913611,C56
55847.32863015711,55161.04337336874,56525.86044598402,54853.30842222959,52458.81435631766,46934.415192593726,39738.44618551158,27089.00836184714,18701.03163398873,C56
53956.85942170118,52107.51711068469,54163.66075161386,53113.13171003346,50321.88030542381,47812.58036562335,43149.43699593353,32519.93138124265,19047.134458061755,C56
53956.85942170118,50769.464727574334,54146.31008210992,53089.084585305456,50412.69505228555,48034.23657613063,43460.64241965073,32905.25768506091,19237.76504320143,C56
55822.32365862532,54495.11344433417,56605.90982968436,54954.56392358695,52638.73587139353,47063.68632559179,39793.07118850426,26918.97883401078,18729.970000929134,C56
55822.32365862532,55147.66518336234,56225.28679977213,54329.1461971558,51709.23135709108,46535.80567450934,39967.42025347205,28488.25406101272,18788.165430257835,C56
53961.76895236692,52096.49196758717,54102.46238142971,53041.5847891153,50042.62969745835,47824.925205283536,43606.14018387558,32903.92430259621,19520.27212093716,C56
53961.76895236692,50758.439584476815,54084.81558457335,53004.23763454921,50098.348448497,48035.16297290884,43999.24971916061,33248.689196120744,19929.735375382606,C56
55822.32365862532,54495.11344433417,56365.3806240276,54370.28596624826,51888.26270206503,46583.66218195872,40052.02710123415,28588.62214613724,18840.490768826254,C56
55886.72921772357,55172.00102388774,56328.24281052403,57121.37304546648,59155.07752943098,60002.81148469346,61254.8174748929,61969.017750018495,62110.531642342445,C56
53956.85942170118,52178.33825258289,53341.24067278916,54280.86582743288,55352.66888109866,58484.3617165799,61192.406754577176,61483.82762789236,59750.42759230675,C56
53956.85942170118,50840.28586947253,52396.31832557156,53579.64481770944,54244.01239630035,56275.39470502752,58632.03418907266,59743.53476864754,58238.55856106047,C56
55825.38987485239,54491.53208260081,55546.39126357406,56408.3160292358,58647.4368502172,58623.78765706769,59010.0992010742,60362.75650713532,60101.123848251416,C56
55895.779611307335,48049.37292363392,42264.62629943517,35610.22070261856,29321.1356079746,18547.291647115457,10640.832781008412,3699.626996759367,-640.1804464470823,C56
55895.779611307335,49500.77321541365,44376.06963706759,37701.5565967321,31814.03403324647,21299.22069966304,14041.34653846996,7706.366117136084,6127.280177443861,C56
53961.76895229132,46974.58911950011,43584.41973778567,37366.81166072432,30909.57167390476,23065.416243108142,16468.571551701163,9167.055217689796,6094.602486826468,C56
55828.57418987514,49520.267351598486,44603.30925887565,38281.63141801206,32734.267135239923,22587.37254846079,14193.131458040025,6334.869505212887,1707.267744026461,C56
53803.95715114172,46804.81383577817,43322.43948341765,37602.40276009528,32002.22376843761,25551.052395458024,16197.26053500157,7807.276927305069,2135.745208428252,C56
55986.385991024734,51033.455005454336,47150.66943050124,41319.41984545942,35696.16259186358,26379.44421142013,17011.680223820036,9372.060796592365,6180.022441960862,C56
53961.76895229132,48853.58541993954,45936.14701942264,40829.83882679456,34741.86073300385,29168.573495305143,18935.06176357643,10868.440601597153,6112.130740036014,C56
55986.385991024734,50973.52144409826,46716.13688144785,41651.092618668205,36547.936350142125,28487.281379413296,16856.498412353518,8535.33517364576,3135.4739587032795,C56
53961.76895229132,48844.30693619212,45867.25465685067,40878.20720301919,34883.215482887164,29973.717035591588,19319.41947175293,11045.93554772683,3977.092874685735,C56
55819.062559069935,54507.50865244801,50967.82156626387,48104.23209164458,43834.1092584363,38135.4682980754,28062.1385211655,17484.970103070373,9487.149004411038,C56
53794.445520336514,51276.92994376826,49747.22472107834,47143.04181132533,42539.25954989061,39904.43180693209,32060.601915817704,19466.396838590816,10642.55611416138,C56
55819.062559069935,54480.67078078655,50683.08221519262,47729.68378737616,43845.88373379248,38298.86921181577,28946.764870375595,17714.668368852923,9464.703806576328,C56
53794.445520336514,51091.13138499534,48957.60681454459,46362.91073953473,42185.23372084523,40176.90566800711,32728.90294866384,20142.009753041708,11704.39728979378,C56
55847.32863015711,57086.73911152982,55765.25348927971,53679.5552252742,51762.01220573339,46687.03585656111,39727.76856532561,27348.624326805475,18553.705761586425,C56
53961.76895229132,52886.38711245156,53190.127351307536,52152.079564445965,49702.22718240242,47881.33500986407,43524.93814295235,32741.45631238583,19206.02267467152,C56
55822.32365862532,57001.7217536665,55631.92535631293,53399.68408942036,51139.06640976398,46366.73891880055,39751.75382909519,28513.568093121303,18672.023398945166,C56
53961.76895229132,52933.90086233618,53112.14302758851,51917.87162252995,49271.31043470298,47663.2798481772,43619.87768477076,32954.31278406009,19809.80345510732,C56
53889.42509486704,50768.62786491752,47122.261677221526,42189.84163147781,37796.32371224773,36178.02133770096,35022.16740099602,30752.26028266617,27008.89882071747,C56
55576.53375705655,51731.195530581324,47969.3680449805,40569.05506050932,27799.73034713888,15093.848164192786,7807.919779414321,454.539597414366,-3493.4726967171614,C56
55499.816704819146,52522.05030928453,49169.22462893416,39802.14773073064,26205.37193542964,14083.718444715369,6936.976101892701,134.44597336352547,-3425.5006517811235,C56
55576.53375705655,51784.18102348347,48092.079668329,40754.57641610756,27853.72869695433,15136.321395643869,7899.61493409907,516.9079409473508,-3497.0964391407288,C56
55499.816704819146,52516.82067953124,49120.6060447307,40035.08096546122,26321.46746914777,14079.495109930886,6956.444763264321,185.7099366775648,-3429.1077643499616,C56
55499.816704819146,51594.567726680834,47075.64522779157,39169.50558993933,27019.85568123243,14424.208117281263,7096.315701898902,155.40120072772632,-3611.820930405323,C56
55499.816704819146,52409.45797225903,48783.52297865817,39130.068967258434,25840.362314993432,13849.704468299766,6947.499153729303,192.95525931952565,-3459.2894840227214,C56
58483.434971979696,53573.29890995707,48122.95442092818,41602.631331849065,34892.33525680706,31615.88126795912,28774.05934956837,27839.191783630533,25991.91252350315,C56
57229.08254951138,50686.74967726752,50812.23560633858,48818.92973315108,42749.79610704637,37136.48539820357,31139.51018067341,23986.06661254068,16502.21074209094,C56
57216.97074682171,50503.67798542304,50659.39090799988,48896.35334519314,43823.39973572449,39113.14414756636,34102.99904838733,28670.1785823757,24702.5819534773,C56
57937.31194309733,53740.34796871028,38360.55009088885,29846.405416461566,22619.67895337264,17667.1353272407,12567.59115023243,9151.416625213003,8136.157247599384,C56
57899.39921362173,53265.95635032283,37905.97231567417,29203.291389655296,21732.19307835636,16660.278691582163,11922.954269824448,7542.782792812369,4873.730044801872,C56
58019.520061087125,53955.99058433426,41540.114174141934,33627.75221471815,26721.92572908501,21207.375864954465,15765.287383053705,12210.0564615874,8541.365869746813,C56
58019.520061087125,53955.99058433426,41540.114174141934,33627.75221471815,26721.92572908501,21207.375864954465,15765.287383053705,12210.0564615874,8541.365869746813,C56
57987.98077363087,53545.39899019938,43350.89655815867,35915.64749123257,31063.35565388514,26587.2957497738,20700.45874034339,13447.06720277572,9172.48721940476,C56
57987.98077363087,53545.39899019938,43350.89655815867,35915.64749123257,31063.35565388514,26587.2957497738,20700.45874034339,13447.06720277572,9172.48721940476,C56
57977.9775179561,53132.28503655309,44423.723007204266,37780.42259037527,31950.16582460141,28282.848466097945,23992.704484354526,18095.31793351166,12406.86422950299,C56
57977.9775179561,53132.28503655309,44423.723007204266,37780.42259037527,31950.16582460141,28282.848466097945,23992.704484354526,18095.31793351166,12406.86422950299,C56
57662.24467235253,52859.01119829582,47836.02997641402,44504.9363551746,40785.60988209867,36127.96901494786,33252.91147879017,30781.42327441006,28541.83796029493,C56
57662.24467235253,52859.01119829582,47836.02997641402,44504.9363551746,40785.60988209867,36127.96901494786,33252.91147879017,30781.42327441006,28541.83796029493,C56
57728.12460464823,54091.32015911182,52553.21530519084,51945.87033925063,52058.89518391426,50357.57275754168,47132.53028002812,44880.51058732918,44527.43062111202,C56
57728.12460464823,54091.32015911182,52553.21530519084,51945.87033925063,52058.89518391426,50357.57275754168,47132.53028002812,44880.51058732918,44527.43062111202,C56
54565.03876124115,50853.2245261242,47708.427052880725,45836.75771285792,45454.97248922393,44186.48346176293,43960.67842096244,43629.93442349876,42631.80370019436,C56
57333.45854984893,51806.52904516356,49548.68728355819,48469.4126466984,48330.89369707831,46710.055211347615,45512.71175672198,44870.55388706414,42422.73205749073,C56
57471.84906926433,51631.4188475917,40687.68505390871,30735.41067503416,22378.73257399822,16283.019951209268,11255.570990124705,9326.9192054218,8026.400960182013,C56
57559.83628298913,52090.04415446226,41693.05048053673,31754.289265767955,23287.19660739121,17283.829932871267,12150.740037960306,8195.0954538662,5097.572125848813,C56
57528.29699553287,51044.04782495972,43877.065285172765,34147.76707690695,26507.42006294527,20278.24870980325,13684.023806980667,9914.233711043533,6802.20807552986,C56
57528.29699553287,51044.04782495972,43877.065285172765,34147.76526690695,26507.42103294527,20278.266418852458,13684.036979652865,9756.52269655053,6067.07880919026,C56
57528.29699553287,51444.48137411858,45309.21615665527,36848.84566433497,30826.068008099337,25745.1917189402,19532.59015064959,12255.10226520332,8230.67551526296,C56
57528.29699553287,51444.48137411858,45309.21615665527,36848.84566433497,30826.068008099337,25745.1917189402,19532.59015064959,12255.10226520332,8230.67551526296,C56
57260.3782963665,50937.93058813455,46336.79558526067,39828.51732622408,33297.26679187206,28245.93065692444,24101.93571535585,18989.06116987769,14046.58302710253,C56
57260.3782963665,50937.93058813455,46336.79558526067,39828.51732622408,33297.26679187206,28245.93065692444,24101.93571535585,18989.06116987769,14046.58302710253,C56
57544.929378349305,55287.473987835045,51657.89081051308,46693.41868665215,42438.45943258629,36322.22007404596,33198.51589814753,30488.2214600807,28345.02494239469,C56
57544.929378349305,55287.473987835045,51657.89081051308,46693.41868665215,42438.45943258629,36322.22007404596,33198.51589814753,30488.2214600807,28345.02494239469,C56
57201.90788168533,51114.30164568572,48214.25844248707,48463.4137705413,50090.11722743412,50600.07633394454,50874.79753064084,51337.56319490272,50800.356036486,C56
57201.90788168533,51114.30164568572,48214.25844248707,48463.4137705413,50090.11722743412,50600.07633394454,50874.79753064084,51337.56319490272,50800.356036486,C56
57264.19185189853,49862.042251996616,41178.51362771243,37684.61088771439,35470.27855639828,33617.95937249506,32595.52297120477,30509.973710643266,27656.40107244693,C56
57677.41696255607,56435.977837516046,53200.44992073799,51377.91111090424,49445.27916272684,45709.591918361104,43630.10943277964,41163.82355585154,37868.4721036933,C56
56309.16994954016,49127.95650989131,48942.76781825152,49972.89896932472,52013.15404919384,54439.4987617804,57189.55546577812,55847.43361210925,53917.05618489662,C56
57770.50925650388,54118.4395899256,54909.60872863756,56263.23042048788,57919.07128455168,58582.76296499775,59335.65751237456,56855.14317940317,53957.55725160955,C56
55166.2388320978,61498.340093358296,62496.83872655431,55005.64517407873,47520.290383364736,41290.76477897172,35058.82539053464,29233.35803979952,24841.624585669662,C56
55374.29138251595,61734.84799933737,63404.97995662176,55420.065469201465,46247.43503405839,40035.05688918181,32384.9832211634,25696.795505124566,20721.32048218565,C56
54816.28971809647,56915.95521693256,50118.39272605203,45011.70268308475,40740.57249854013,35592.56408015618,30301.247642788698,25937.43611789063,23434.15475888776,C56
54291.499720169,57074.52981196938,50058.48756120729,44660.43747904554,40714.040995854695,35647.48615879935,30794.648965269906,26114.89432884377,23115.59885655493,C56
54816.28971809647,55353.41184782714,53838.05599285088,47471.74579128827,41019.14436029986,34399.50559686387,27594.069822463025,21896.84988033193,17421.151968703558,C56
54777.91282285647,55436.50791143714,54266.94020784088,48212.52322077827,41651.79767703986,34926.59132679387,27743.48338906303,21781.721239331928,17181.76485770356,C56
55739.25930472779,59312.5937908983,60575.37073228431,53251.19801078874,45462.74324697474,39225.80568827172,33780.92236663464,29059.23151849952,25576.980932869657,C56
54800.30619141412,50937.22267522233,42781.87729548922,33720.61583530156,27590.33805255757,21770.29185349513,16703.62100057704,13212.64007119966,10613.00380998164,C56
54955.82058836647,54089.655063577135,53635.79612281087,47062.10771338827,39468.72248944986,32938.62820827387,27013.68734486303,22365.941857931928,18545.39996090356,C56
54910.236166048686,55206.91791348189,47012.48867494496,41580.25924479251,38702.45687690233,35662.248704897414,32324.789953982905,28706.3912790576,26132.65525932553,C56
49915.26027747655,52363.980385480834,52278.24252775084,47276.82418277355,38389.69570450447,27501.98318918133,16041.082653160058,7365.48003409126,1161.434376474181,C56
49974.167255070126,55168.96466810053,59349.64939917628,57108.226731966686,51227.25188778298,43349.88388933168,33969.36324798352,24294.57916944554,18423.49445623352,C56
59189.965810290974,55418.936934516,46886.38806817903,39939.02093872692,33407.79048770388,26079.72812227176,17526.738448422908,8293.38439418868,1902.88400410098,C56
59242.555815371874,58799.959310162136,55886.798823870784,50647.79077365164,45070.3365250712,40974.5432298277,36140.67232795131,30899.8299988437,29730.23382542622,C56
54918.77302916976,59352.65575934391,56253.120121898704,47989.89726596671,38176.00763098201,24718.8603870273,11225.29038752232,-749.4501283622001,-6695.950643170061,C56
54947.9900548071,60722.3643582286,60663.76648779886,55944.841875316895,48392.86822439639,40541.279909426536,33476.82678816569,25442.89808411674,23086.39844891206,C56
56668.46961108348,50493.16531238509,43138.70421037736,35487.651090784915,30543.79399163433,28614.55408205661,27050.310817623304,24813.0789746028,23529.16533499953,C56
58492.16482388264,52231.8527367439,45313.710402944205,36070.811456490206,25033.402124129687,17532.90835023827,10611.69400406966,2891.65852814052,-2267.6420289968787,C56
61100.60560283406,56307.39555539126,52233.59086258202,43465.47871971915,35061.05216897014,29425.54369673236,24451.9414172857,19064.32864104977,15833.640081437045,C56
60935.69135711456,55500.508130189104,51937.78005276551,44890.97269163,38256.40228128106,35195.10287495826,32566.63434320451,29332.30840000789,27399.581638657968,C56
56547.01962864293,49864.95680038026,46004.15678585517,42844.35610125892,39665.17586958937,36423.11099277278,35138.30333777639,32544.84061564118,31007.893708960968,C56
56026.82793722477,46424.19248749124,40606.65860936682,35276.104660435296,31165.453988773497,29727.975924157738,28775.63177225118,26050.64572797834,24554.3632563401,C56
54255.65763829145,55698.58502727856,56154.40174290901,50989.71018197102,45173.5040809637,40159.46576595464,34453.9925323474,28429.53554865784,23347.49119479514,C56
55119.91837328411,54737.03835381953,41862.85424535442,33027.54830152717,26031.05600387237,21298.20086038713,18300.94871091824,16968.44530593926,16079.72934102604,C56
55119.91837328411,54737.03835381953,41862.85424535442,33027.54830152717,26031.05600387237,21298.20086038713,18300.94871091824,16968.44530593926,16079.72934102604,C56
55275.43277023646,54188.71538028255,44940.70931195483,38222.62564433235,30326.53330704573,25206.39031777818,21991.106745940306,19485.25024797423,17874.074271298163,C56
55275.43277023646,54188.71538028255,44940.70931195483,38222.62564433235,30326.53330704573,25206.39031777818,21991.106745940306,19485.25024797423,17874.074271298163,C56
55234.26563615434,55444.39371466648,47929.57369856184,41932.03115607533,35699.84060699867,31159.09145214042,26452.520587707528,22689.08583353447,17980.36708168673,C56
55207.62999766314,55449.93710163304,47669.7791859612,41427.40230299221,34965.369470409685,30323.414182144457,26163.47214594165,23098.99468522175,21227.83167336891,C56
54949.69666895813,53906.905831675416,48027.12730970322,44609.8889563644,41531.204957548274,39150.69584561586,37931.27345163417,36393.21929150567,32883.904552723325,C56
54949.69666895813,53906.905831675416,48035.90890265323,44589.54835090439,41512.39272461827,39137.67028213586,37924.28602973417,36399.046340105655,32890.98601422333,C56
55512.284169004735,55148.26651799234,52725.18851808714,52672.23116383692,52247.3217825235,52198.32035878426,53155.170725241565,51820.31344792042,48675.72355282092,C56
55512.284169004735,55148.26651799234,52728.37553129714,52631.46487926692,52167.6228912835,52135.32571972426,53087.61806974156,51816.525409620415,48654.063951320924,C56
55229.84834791868,54433.83956333189,46499.69327759496,41743.91343755252,39178.25620820233,36502.98355516741,33634.90246208291,30355.9282277576,27532.81779892553,C56
52864.43061725755,51742.0104881466,45024.41877928734,40606.0998920901,37720.738532528136,34447.795112498665,30717.81702197445,26752.56664408384,23881.14061368333,C56
52864.43061725755,51292.37288374661,44502.14249683735,39872.5494391001,36903.08201599814,33664.90591853866,29907.90139137445,26160.51136518384,23795.21518828333,C56
55229.84834791868,54409.55489868189,46357.91210117496,40988.88483813252,37970.61097689233,34985.78889839741,32407.339805282903,29717.4201155576,27489.23915332553,C56
55275.43277023646,51334.25549508815,45295.05625872483,38795.21263490235,32368.77606133573,26755.32063765818,22595.76087314029,19498.672996274232,15272.514559698158,C56
55275.43277023646,51192.34571809815,44975.24938135484,38314.98060618236,31754.28669007573,26092.58836290818,22332.400146640302,19711.84505167423,17998.03026259816,C56
55275.43277023646,52639.72493041898,47388.79879523248,41114.17768935677,36434.66953807574,31786.3573506418,26636.69573090619,22738.91592448992,17880.03361897376,C56
55234.26563615434,53303.32955778648,48039.30797445184,41497.86596206533,35184.45991565867,30842.361615000424,26489.69782840753,23176.59807183447,21201.11735288673,C56
54879.66197023373,53654.11654899613,50338.89482398956,45493.10000070739,42685.41258482088,40509.53392454727,38840.09861016897,36507.58861519958,32674.73905015593,C56
54879.66197023373,53654.673995206125,50339.58851667956,45489.43674397739,42682.74559233088,40474.99513174727,38835.74245406897,36509.72424829958,32682.35770015593,C56
54949.04365638892,54476.11119989797,52848.09972868719,51020.2892245872,49293.64148351392,48558.22767531262,48612.94577488639,46017.48187856874,42989.891301498734,C56
54949.04365638892,54467.528254927965,52820.01310308719,50994.18431655719,49286.42784592392,48546.17057994263,48590.80436548639,46002.40816936875,42901.60369509873,C56
54869.58067255647,55462.61617930255,48937.257239502025,41830.01080373475,36549.25129342013,29795.57190917618,24284.1698378887,19551.21785269063,16824.38547088776,C56
54767.164067029,48952.73244455062,44087.86815160076,36835.61869951845,28914.28729965532,23195.88943441445,19106.757146040323,16150.085262854727,13536.247367284072,C56
55732.585179098845,51707.35085024258,42577.83870573587,32766.819733939246,26359.08048809903,20834.98942303722,15780.40599814189,12129.48348431119,9682.73785956487,C56
55253.57716971648,54537.150225307145,54441.12060647088,47511.19671307827,39149.34222655986,32530.13201190387,26994.767568163024,22417.09332693193,18615.24103300356,C56
55207.99274739868,54420.73302717189,46452.20320933496,41614.63735781251,39166.02791093233,36403.739328017415,32877.831991382904,28856.8723729576,25864.41109682553,C56
55231.50742644813,56486.65153810542,50230.36325738323,48049.7273813744,47869.63139482828,46204.234625615856,43918.23956273417,40963.41878610566,38279.95329542333,C56
55944.31172616655,50201.95218026347,45556.465401892994,41469.53911626076,32068.74119110654,18369.374618515467,9707.03590718167,5305.92662591695,6011.807384548871,C56
55787.877499843366,50362.57462721415,47709.263753576684,46317.04641381199,39622.83294855906,29533.155172008104,17553.584881641462,9092.455816957505,10785.917533400425,C56
55787.85784720336,50362.56059377415,47709.26647134668,46317.12945823199,39622.82052586905,29533.1689023961,17553.59320328846,9092.352749112504,10785.741001792425,C56
55822.55459236272,50908.81556141192,50875.7477246948,49865.33025426024,47072.5031523282,39654.80398617834,29241.61811152083,17984.0396208312,23729.02046149467,C56
55822.55459236272,50908.81556141192,50875.814013134805,49865.93793604024,47073.17812353821,39655.73679514634,29241.81092248383,17983.8494063572,23731.63044472067,C56
55981.10172972258,51519.14707415272,54219.31721723815,55367.3631218767,54350.181099256064,50373.76217565724,47708.97134263158,40530.3975324567,42294.91474151064,C56
55981.18162983259,51519.19265228272,54216.76885404816,55330.94351431671,54332.54573836605,50316.48553089924,47620.36380295058,40308.105650638696,42110.83785176464,C56
55511.98472317655,50684.91874401133,45907.92565551451,41122.31254870251,31450.19371589108,17317.039452522386,9106.729958955922,4876.555008701965,6955.124439838439,C56
55892.24124931656,53313.222812780834,50111.68226453912,47732.72241859254,38258.30425815395,27246.01800742151,14615.49225635264,8017.95275080464,8274.861479694398,C56
55902.60870925654,53353.45701677084,50210.20194496912,47828.08924913254,38733.63982476395,27514.14688107451,14689.78328670864,7336.75795091664,7545.6006941594,C56
56237.14978031273,59266.93504764026,51998.75352002516,49863.68875187838,46248.02133052642,37256.117029382,27953.38873792709,16844.1618876898,22031.74848945141,C56
56237.186779922726,59266.98048899026,51998.76834196516,49863.50464598837,46247.86448767642,37256.042014205,27953.51783588009,16844.2096298718,22031.65620143441,C56
56642.95076166728,60397.51700110404,54970.95060783878,55386.51673629644,53903.33401500844,49490.8157861547,46140.08599693684,38527.32478749194,39951.9100912365,C56
56642.72963335727,60397.48000870404,54970.94675582878,55386.62377914644,53903.396865868446,49490.7474772087,46140.09888296184,38527.42234786695,39952.019672406495,C56
55129.62867842493,46655.83584530746,38579.16358960737,34311.68244178991,30198.36446967157,27010.36233208118,24302.749153134388,21651.311328803386,21745.83480834837,C56
55129.62867842493,52945.92255386223,44120.07837604163,37054.3812764464,35844.14680948867,34498.44749257706,32684.13868875637,27981.37967061946,25337.43926544053,C56
55129.62867842493,52945.92255386223,49507.95769757829,48984.25907293715,48792.86014345505,48656.359482617125,47079.53065998141,43490.99725066284,41204.86147082645,C56
54537.88598536435,50136.9477778098,34075.90664755535,27009.23431615189,22630.755535375338,18353.39819215626,14800.066915087047,11526.94759824964,8028.50982809333,C56
54556.19523280969,46818.18116554545,34236.41703989176,27229.77807850989,23153.07459425188,19168.40860812246,14722.06327046673,11061.10579495504,7453.64843367009,C56
54537.88598536435,50136.9477778098,34283.49435150235,27078.331743334893,22908.78783208633,18675.74643649006,14404.34972833505,11092.82245793164,7854.75742015733,C56
54556.19523280969,46818.18116554545,34412.33137297176,27436.56333265489,23367.60392517588,19297.89867505046,14574.39877864805,10892.74612267304,7467.92451060209,C56
54537.88598536435,50136.9477778098,36587.68039348789,29882.68785527297,26164.18371456285,22575.6605862799,18076.19263360975,14055.08482427214,11225.63180072415,C56
54556.19523280969,46818.18116554545,36558.17653112101,30282.32114462657,26469.44720860965,23102.1627922751,18481.91560893555,13967.08992589954,10924.36077751915,C56
54537.88598536435,50136.9477778098,36587.68039348789,29882.68785527297,26164.18371456285,22575.6605862799,18076.19263360975,14055.08482427214,11225.63180072415,C56
54556.19523280969,46818.18116554545,36558.17653112101,30282.32114462657,26469.44720860965,23102.1627922751,18481.91560893555,13967.08992589954,10924.36077751915,C56
54537.88598536435,50136.9477778098,39058.00146272131,33854.30829586904,29495.73474879685,26353.27187186124,22318.37348794115,17493.4568834965,13877.00910675343,C56
54556.19523280969,46818.18116554545,39055.14641067391,34032.7263196159,29761.22687097685,26675.29513303384,22713.041745845152,17663.070205843498,14158.57234347463,C56
54537.88598536435,50136.9477778098,39058.00146272131,33854.30829586904,29495.73474879685,26353.27187186124,22318.37348794115,17493.4568834965,13877.00910675343,C56
54556.19523280969,46818.18116554545,39055.14641067391,34032.7263196159,29761.22687097685,26675.29513303384,22713.041745845152,17663.070205843498,14158.57234347463,C56
54537.88598536435,50136.9477778098,44468.27932043781,39282.15202360045,37412.65138692784,36443.19538972384,33767.02190642877,27606.43951703272,23371.44525129517,C56
54556.19523280969,46818.18116554545,44435.77067566081,39387.70659540845,37579.28781514364,36554.37236690004,33955.319735083765,28435.24689325432,23781.30458143217,C56
54537.88598536435,50136.9477778098,44468.27932043781,39282.15202360045,37412.65138692784,36443.19538972384,33767.02190642877,27606.43951703272,23371.44525129517,C56
54556.19523280969,46818.18116554545,44435.77067566081,39387.70659540845,37579.28781514364,36554.37236690004,33955.319735083765,28435.24689325432,23781.30458143217,C56
54537.88598536435,50136.9477778098,51113.69678936375,46227.40837814717,44928.21680077475,44390.30000028901,43113.055209480844,40605.45369403154,39296.11058571493,C56
54556.19523280969,46818.18116554545,51100.20661431064,46495.250808096935,45107.22596660916,44614.0493621988,43382.85815101165,40869.07126933554,39659.98953113993,C56
54537.88598536435,50136.9477778098,51113.69678936375,46227.40837814717,44928.21680077475,44390.30000028901,43113.055209480844,40605.45369403154,39296.11058571493,C56
54556.19523280969,46818.18116554545,51100.20661431064,46495.250808096935,45107.22596660916,44614.0493621988,43382.85815101165,40869.07126933554,39659.98953113993,C56
54537.88598536435,50136.9477778098,50042.37112425393,47947.99098349892,48038.583201163936,48654.72245045913,48901.68512989304,48239.39684531556,48223.45278749596,C56
54556.19523280969,46818.18116554545,47334.40654968414,46224.54171541704,45839.60461887524,45956.76423753962,46109.53433513448,45495.40359449054,45500.16304447776,C56
55091.53054551573,41371.73748524337,35189.60461364987,30395.72994117057,27814.53662562781,24644.03447491464,20033.112198571147,14909.5155558225,11871.705218271749,C56
55091.53054551573,41371.73748524337,35189.60461364987,30395.72994117057,27814.53662562781,24644.03447491464,20033.112198571147,14909.5155558225,11871.705218271749,C56
55091.53054551573,43271.170227465984,37293.22114083217,33823.3088056429,30707.89340355416,27901.97226765084,23594.608042428088,18411.7475149685,14857.23870201203,C56
55091.53054551573,43271.170227465984,37293.22114083217,33823.3088056429,30707.89340355416,27901.97226765084,23594.608042428088,18411.7475149685,14857.23870201203,C56
55091.53054551573,48755.99388358076,43622.913430845205,39079.168235162855,37714.92525488156,36623.11758877108,34014.962258147774,28273.57011330432,23717.82283907017,C56
55091.53054551573,48755.99388358076,43622.913430845205,39079.168235162855,37714.92525488156,36623.11758877108,34014.962258147774,28273.57011330432,23717.82283907017,C56
55091.53054551573,53553.24111578317,50404.97559271599,45923.4504343278,44484.71793250791,43723.47728998682,42622.63356211099,39763.93972995894,37695.392363580926,C56
55091.53054551573,53553.24111578317,50404.97559271599,45923.4504343278,44484.71793250791,43723.47728998682,42622.63356211099,39763.93972995894,37695.392363580926,C56
