2020,2030,2040,2050,2060,2070,2080,2090,2100,Cluster
55785.572642992585,60519.31113918272,62454.81986201816,61801.085561226704,61155.95805806606,58700.02274385724,56348.03890585058,54135.19531113871,51577.88582026464,2
59702.63474244259,66691.97583088234,69153.19496468687,67188.18481269854,64537.76285776974,61994.6450706952,60720.79205770223,60037.44754240085,59100.40780766461,2
57834.62054171558,53251.92487836522,56685.951562654576,58833.95674659911,61827.48313317426,65186.11305667674,68220.4173828422,72169.96822404557,75038.30508294687,2
57323.899244574175,61977.64781635537,65876.6456399706,67372.68305507647,68167.91431128618,69061.46583406831,70285.6822800067,71952.79723864562,73435.89012000483,2
59232.99184055899,67077.22082829002,73367.0606875434,76705.01098611635,80148.78869936394,84344.7510259392,88748.74240060073,92749.36488739443,95974.4323381152,2
58758.81770600232,64622.31708638269,68710.65827588797,69519.62716380325,71957.48272907073,75577.6951128285,78015.70952680674,78679.59079325064,78828.12975204391,2
58250.58772571669,68673.98942183144,79244.90472474138,89323.33592833918,98565.40652481964,107209.78943105972,115629.2116366785,124465.94549337856,133411.6218016326,2
54368.837135699,58672.24040034942,62874.14399461736,67534.50826149718,71492.3861813535,76432.04372688755,77916.07501175304,81703.74891928978,84503.12180321926,2
54151.422083203885,56963.0354659046,56978.57022834356,55381.90566320789,58178.07305732667,61105.22832057375,59874.47501358856,58557.48118056217,56641.98782560256,2
54108.41831159743,52565.77592678382,52774.24320993044,51841.02885415203,52400.46448600966,55134.45169290908,54360.49187825452,52673.97069797938,52538.77433310801,2
54182.88318886816,52535.37127550171,53964.71829866192,52990.83605048572,56193.53210664284,58511.206932514,58722.37282183772,56450.54375319465,55037.43177380482,2
53067.66866407474,47166.24811484834,48586.54156213025,47086.73093120654,49030.00773712472,50730.71066973072,50810.43852486202,49659.62386203737,48952.364446731466,2
54151.422083203885,56883.2990347646,56864.09830836356,55234.42165970789,58016.41115267667,60938.83483539375,59702.60770743856,58379.43558402217,56456.67882955255,2
55286.61483804078,55847.19186048843,60214.210056589385,64728.19364293632,68444.80168337746,72226.03600208674,74977.5739448274,76797.84936740198,78829.26720517408,2
57035.73422967687,63914.743762720616,70769.69287913459,78100.52271208994,84028.65284252774,88968.47345830919,92855.31572103855,95638.64011299776,96960.722345427,2
61773.42573549937,75044.41220917649,84536.5324591455,91489.8049252293,98614.6477111318,105376.35228557236,111275.99959407534,116176.15597099536,123289.82769706768,2
58600.67928261142,68884.83822815843,75673.89259283098,78798.33287023283,80926.66098024024,80616.47488468321,75325.66333757764,70487.79746018755,67233.24462981753,2
58211.63027894607,64203.032256885046,67292.6398493283,70807.83911244587,73733.13849379246,76660.85555293878,78214.13794498351,78854.86560250734,79187.71365245072,2
56636.46379767259,60234.64124128454,62189.09164177269,63180.16546029554,65859.51496511874,67544.7105326304,68624.7278259595,68133.73774628925,67048.05673274177,2
56363.33906424905,65648.23321055846,72320.50806173809,78302.31200532126,83946.0024038217,89165.30018155543,92903.04422171068,95478.56256614432,97411.8206718807,2
52190.15336396018,56460.00286779471,58736.46225713982,58844.87800466092,61051.80988451484,64460.7522182014,66517.01394418962,68233.06269830605,69150.94611076538,2
52145.39285757224,51227.45136149984,52488.96851223876,50880.41924936414,51285.29172967842,52752.37135418181,53014.22497028412,52682.45392250496,51562.67714151235,2
57075.03554546158,63484.987017829946,68219.57595941999,70850.38802370858,74733.72208036306,79636.18821360677,83193.95191840801,86961.36793659333,90623.67162434684,2
57496.12467404616,57102.8829505961,55576.91151591072,55440.84428366112,54642.88655433504,56163.86419098,57061.59125451812,57986.39658346205,60037.34532952222,2
53303.77760808413,54105.93542927611,52500.060382900665,51975.084687040704,51281.749655069725,52266.85269865854,53675.89196554524,56241.67308257432,58756.9417537348,2
53867.01815494274,52498.24780385074,51049.68478361826,49047.61548677734,49065.64504390732,50394.41269783312,51592.25951114402,53743.30204107556,55930.68952876327,2
57391.17395130617,60957.75114676226,62220.992638655895,64293.75154875598,66939.20325985606,70542.52548607768,74413.58861073712,78332.00777854724,81073.34794689012,2
53520.57098066478,57504.59634558849,58510.47542589336,59938.69468428189,61902.45799283686,64804.4335288897,67767.38014422757,70710.83728109235,72330.38158128715,2
58873.24912446727,66264.4933865766,71222.36995832578,75562.67646215994,78246.66720809374,82389.0973069132,86957.14115758653,90718.67924589172,96436.602244059,2
59315.88742737557,61502.04943049362,63963.20579090088,68852.87712211537,73644.37052689762,79598.43700459294,86168.4138536065,90088.85506778356,93391.09952659802,2
59324.04438606557,56232.29831315651,56107.73253857457,57140.36457071912,59448.19156654426,63177.37619637674,65546.2757091822,66791.27073274559,68196.14953358688,2
58174.369282355576,54633.35112684524,53091.69957006458,56062.28338505912,58860.22295776426,61479.727301316736,61962.3964981022,63248.24735697558,66002.80491733688,2
58934.603766665576,60609.45183601361,61425.48400436814,67335.65537011981,72694.87572293132,77634.5496383735,81003.32355365704,83941.98980704002,87684.10513637967,2
58873.24912446727,66264.4933865766,71222.36995832578,75562.67646215994,78246.66720809374,82389.0973069132,86957.14115758653,90718.67924589172,96436.602244059,2
60499.29538614727,67635.74212537661,72267.23632736578,76208.86412355995,78731.03526463374,82912.2233130832,86466.46340052654,90809.41456549174,96567.190763019,2
57560.97551088878,60650.56483106272,61710.87490830374,62484.50051329028,64456.64376282418,67449.88237671297,69997.6031416201,73828.18090317558,78610.53140471013,2
57219.98622251617,57650.950947122255,60199.6781217259,61692.21622375598,64497.56989520606,68547.83951051768,72782.24921325712,76117.11271035724,79942.39702916011,2
57669.43134219337,62690.60500662244,66661.66357469893,68809.31756410778,71190.9936511766,73399.54646039286,76944.55187460447,80204.3411982436,84025.33186203439,2
59359.49829686554,66996.87784115424,72202.83460548439,76035.66346274094,78729.37272840504,82501.25847666159,86640.71737200514,90873.40024187714,96806.0401478584,2
60277.79340168727,67667.3547487266,72164.49366330578,76036.10461566994,78759.38240525374,82440.5336127132,85765.65066798654,89560.35151582175,94725.817734939,2
60277.935864507264,67601.86802539662,72082.88647996577,75847.36239270994,78663.06112764374,82385.0265656032,85748.81859451653,89600.77703905174,94681.698126559,2
58954.95607374727,64023.99686915661,67428.90512970579,70345.85548300995,72423.44045066374,75825.8598665332,78727.06624810654,82187.68273681174,86494.205645589,2
60276.32648038727,67599.2753547666,71985.26226670577,75861.67664679994,78694.94080428373,82455.6762734332,85755.80286261655,89652.52303444174,94666.988061649,2
59073.98194685727,64250.09527178661,67691.68570831578,70476.67107180993,72443.09021829373,75791.4606480932,78817.95080615654,82265.36125482174,86677.74571926899,2
60528.64620642727,68331.9935054566,73409.03743762578,77789.09287220995,81084.86070095374,85357.3482946032,89053.41823443654,92931.54474575171,97687.850981489,2
60527.65742903728,68410.82412735661,73370.02446881578,77784.00724554995,81072.25316160373,85328.7053294232,88929.26894529654,92817.37970742171,97764.773787059,2
60323.21908410727,67670.6764077166,72253.47698760578,75945.76588182994,78783.10190779374,82464.8598508132,85773.43509106654,89611.15279463174,94732.427977799,2
60481.79875915727,68342.10212238661,73127.85393498579,77476.39410318993,80706.81086428375,84921.89023019321,88516.94819510654,92365.77055715174,97206.670474389,2
59013.182769507264,64268.95228008661,67731.86916158578,70687.23937172994,72968.44184977374,76312.1537505332,79222.38463326654,82665.34650831173,87029.503192239,2
59939.46763792858,66651.02743229394,69763.15371538518,71550.60634109144,70160.12925588874,69495.009474315,64645.73041289114,58838.35534251504,57832.94130188701,2
60952.04255915554,68793.28425198424,73390.99398129438,77285.15231244094,78942.63977536504,82500.7988177116,86333.34676410514,90373.76367647716,96270.7185901684,2
64878.73847434553,74205.76521014005,77984.81309842088,83738.45165462724,83820.00696447914,86585.99938524471,90015.19541005974,95011.31161214763,101867.916319069,2
58878.45560945395,63648.2917668691,69898.35392129405,69656.3709121804,67548.81569276932,66903.80387404755,65874.20983429764,57216.64389654062,55116.335270181895,2
59753.24468541738,67514.74991142782,71070.1563145988,70798.56901959897,68017.54901410348,66772.23040427762,65528.8194712657,62516.75491878822,61820.10406437312,2
62311.65566757289,75396.39078773835,83556.81289342798,85316.92066263664,76114.43124819254,65405.672778917855,51141.00165287396,41386.51685247207,32565.00623774647,2
64046.71987595124,81137.26616022114,95571.10542238316,111126.14136994502,120001.7002855571,131790.18532790776,137098.33523416184,139324.23508591612,138936.87822265513,2
60660.440891545535,69034.46546390424,73763.30551022438,76839.20040795094,79151.19419351504,82867.4683997216,86470.32846661514,90721.49724053717,96424.6845559184,2
56082.00777959727,66027.0976669628,71912.28314491328,77274.85413445403,77147.29155849994,78665.5366007853,81101.38827329334,79282.38210012965,74062.8738418034,2
56040.90752605727,50243.642035419136,49480.21659052214,49187.74695119994,51166.30831738548,54261.640744713295,54640.24494399142,48466.10214602488,45315.24698247564,2
56040.91814605727,50267.007472260535,48239.82479946523,46247.62823260846,48929.71950281578,53162.444953146965,53140.39055355269,46877.99572051476,40959.33239460306,2
56070.31014367726,70619.9900055916,77982.40762013888,84261.29865896625,83610.89182545494,85738.2592371589,89259.33654315743,90928.47969093735,92410.3888306917,2
56099.38377414728,65164.1176049838,68504.70454901068,69059.63923033363,67777.11761388004,66968.2553849664,64744.34458286234,60998.96517996974,56821.895909276805,2
56079.87491626727,75237.66981532724,96941.90169922888,112774.62796750283,118739.06418507925,118288.08192483442,109293.78160050194,99156.17459723254,89335.76141898801,2
51549.96874122816,56039.17583406744,59438.51159987498,59588.69725287134,57362.4216017735,54123.880238374695,50488.60593045386,46938.10802911948,43017.55751263122,2
54773.31203255537,60521.70459406434,66066.73330674044,72386.5367939109,78319.48202964605,83831.2088616502,93239.8463937753,101080.6006970578,106261.80600759356,2
54907.80051601763,60831.59051125433,66583.50348146343,72780.63048123826,78460.89156524675,84132.8572709099,93345.78315493595,101019.60997741055,106483.15402153652,2
54902.77578527988,60820.39736984596,66580.56511751798,72775.8621262751,78448.14736759452,84122.1093191265,93354.91502113716,101013.5440625264,106458.53647237874,2
52043.4073161992,54932.36581447944,56376.8512663658,58388.55945860858,58432.46988486386,59483.94145529688,62027.06324042152,65955.89484736834,69884.25561819912,2
55263.98935750769,61803.268704659655,68141.6435080666,75136.44411935173,81032.78867228134,86591.71351289436,94634.68792464797,102435.46652518642,108427.55032864447,2
55252.73802575865,61801.53594552943,68136.23025062856,75132.55983548227,81028.59478348345,86598.05557921232,94644.71667064856,102433.44155505244,108442.033596945,2
54902.79397497988,60820.41454166596,66580.58038887798,72775.8712020251,78448.15302981951,84122.1143697215,93354.91502113716,101013.5403925264,106458.53647237874,2
55263.98935750769,61803.268704659655,68141.6435080666,75136.44411935173,81032.78867228134,86591.71351289436,94634.68792464797,102435.46652518642,108427.55032864447,2
53760.62242297116,59378.22091708606,64849.58131221518,72074.14359681465,78239.10293075717,82862.93055639252,90736.97491738907,101562.57051132292,109598.51204475827,2
51936.03863195905,55010.28805172344,57833.38509363665,60232.753871581306,63088.75847324236,64016.48183806232,63385.246993777786,64046.4835030342,63902.11194749711,2
53566.911677660966,58711.492171035046,63242.56334038468,66616.98228437445,68471.82117055514,68652.1624815884,67672.65331867649,67955.67903947367,66796.37196379987,2
53677.94389158306,59907.28042029724,66232.18621018982,72575.58502173636,78440.58992985995,84083.1585444776,93209.29500726996,101295.29699679057,106898.4882835962,2
52431.30371937026,54363.67332016678,59221.2676816598,65117.41962025045,70169.39300149292,75724.3303620587,83941.54798658732,93251.436737119,101281.88530448836,2
52448.83477074254,58789.30445880086,63786.48291815978,70067.78705475846,75034.88685079818,81940.6870654381,90875.93416111077,101290.93477178206,108779.36115911338,2
55528.71455699306,61120.66057183724,66065.70168564981,72558.17365872636,77696.01125451995,84699.67332372759,93728.20652990992,104070.79407945056,111342.4368178162,2
55886.72921772357,55172.00102388774,56328.24281052403,57121.37304546648,59155.07752943098,60002.81148469346,61254.8174748929,61969.017750018495,62110.531642342445,2
53956.85942170118,52178.33825258289,53341.24067278916,54280.86582743288,55352.66888109866,58484.3617165799,61192.406754577176,61483.82762789236,59750.42759230675,2
53956.85942170118,50840.28586947253,52396.31832557156,53579.64481770944,54244.01239630035,56275.39470502752,58632.03418907266,59743.53476864754,58238.55856106047,2
55825.38987485239,54491.53208260081,55546.39126357406,56408.3160292358,58647.4368502172,58623.78765706769,59010.0992010742,60362.75650713532,60101.123848251416,2
55981.476460358994,60051.44598870942,62217.21345362336,66303.78377246718,70588.5408229155,71873.61624938957,76201.84030204904,80757.56339379177,84042.62342520726,2
53956.85942170118,56286.02828527432,58820.8702903914,62484.940978546925,65913.91206349539,70459.24497373131,76854.27079385308,80784.50897475427,82664.20070738286,2
57008.831987361154,61370.613688166064,64985.21584866518,70764.65882534465,77674.51651254718,81912.10924557252,88623.66150997908,99003.9323555229,108031.00487977828,2
53956.85942164668,56285.59456383572,58982.348768770295,61349.050894893415,62448.76073424552,64840.10503629077,72416.80811795774,77413.74297910937,79754.78649260182,2
53128.38775915026,55822.74932181678,59254.8984025098,64627.34196951046,72240.91668578291,75453.13699506871,81596.37122263732,90290.012819259,98489.69938215836,2
54385.1846024137,59758.34019978845,64989.0192371605,71162.96733808113,77613.79413624178,86190.51169270312,96981.56338345546,106215.24473120469,111995.9911264232,2
54396.09432538752,49458.65727914769,51694.70795913796,54913.44004022386,59668.58652487016,66076.8284757214,71459.09590266431,77039.24519065743,81856.67166321089,2
56629.93366409117,60926.058000192665,64475.08943503238,70491.88910421706,76410.62050291912,81339.87949301602,89115.41610749932,98894.30181437737,107536.23517226966,2
53267.95932716296,58002.28275564574,61942.34724704948,67419.79488152244,74521.42935291967,78760.96780951494,85917.5250680139,95230.41004028697,104073.78581979909,2
53071.74578035255,59878.61500458086,64139.119390199776,69963.69464699845,77101.63560211817,81055.54850600813,88678.96460879076,98969.08535531208,107914.6055701734,2
54106.82523913669,62425.95755710144,67935.02844014138,73594.96412512916,78302.18433069965,88080.12749737973,99383.37507240848,108041.39480267857,112743.0611928126,2
54422.60436238082,53031.25657302588,55845.46359591754,59751.566371689,64840.38794878248,70713.18419218856,78677.428412286,86132.37520658488,90233.0878188424,2
53138.72885564836,58074.825014529335,61961.789010230765,67449.05696358194,75137.56518392092,79113.18025313938,85803.83230681863,95069.34682701313,104393.727569102,2
59754.00511165502,68189.30038886303,74919.11930022307,76811.82996686493,76770.50461830494,77122.3883324996,78311.21078162834,81716.10376711005,83853.921261356,2
58599.48773865716,66273.49060299173,72542.48727284918,73937.98537404614,73669.68886196044,73866.4038280075,74913.02808904545,78184.88983787704,79958.6245831027,2
59223.94503081899,67382.30114679004,72546.7627099834,76137.09176009634,79503.57718429394,83326.1811039192,86547.29482065074,87198.56364398444,87709.7929776152,2
58398.39045363349,63596.53213251934,68807.88373568738,71193.24414360034,71878.00598052044,72044.6036023666,72407.35782108564,72190.05668794314,71616.9652874649,2
58161.92857789911,63700.72641153325,68907.61066395468,71172.48219961855,71908.83989245923,72113.4320384672,72478.30732251295,72583.86375901134,71865.45863155549,2
58161.92857789911,63700.72641153325,68907.61066395468,71172.48219961855,71908.83989245923,72113.4320384672,72478.30732251295,72583.86375901134,71865.45863155549,2
58354.42826456911,64272.23186212624,69922.18040594779,72685.94249814124,73971.18995589235,74745.01261945859,75711.80328510744,76431.02031855423,76319.14257025279,2
58354.42826456911,64272.23186212624,69922.18040594779,72685.94249814124,73971.18995589235,74745.01261945859,75711.80328510744,76431.02031855423,76319.14257025279,2
58161.92857789911,63700.72641153325,68907.61066395468,71172.48219961855,71908.83989245923,72113.4320384672,72478.30732251295,72583.86375901134,71865.45863155549,2
58354.42826456911,64272.23186212624,69922.18040594779,72685.94249814124,73971.18995589235,74745.01261945859,75711.80328510744,76431.02031855423,76319.14257025279,2
56819.31531699277,61995.37894224054,66800.71336747975,69613.717476678,70389.75586706396,71161.72525687411,69792.68554732398,68232.2507085426,67469.1989996518,2
57333.48773487894,54792.05443483891,55217.42225275827,56253.3494841739,57144.739837524125,56418.75791629614,56720.45068388124,56743.72805172492,54249.8145690412,2
54560.84600829253,53225.928166044505,52533.64390680626,52690.5708506917,53428.95502497372,52666.147478806735,52713.29475498524,53698.04152792072,52440.64079003861,2
58501.13718809447,65347.47438892504,67471.11269294679,69354.50632849665,70820.32635458335,70713.9605347473,71234.26517569904,71459.35909478365,68611.0006026604,2
55386.942446359855,63091.71137646456,64535.87926339876,65632.7708144204,66251.47699724797,65837.38662140642,65072.49016095988,66422.1266825748,64821.35031146379,2
58440.88395453836,67438.69959952493,70133.44714189199,72099.38808305735,73179.20302175364,72890.47224886151,73048.93025348424,72835.71200780984,70108.7233940363,2
57956.80802996167,63800.29801631703,66260.85947804878,68498.56669604864,70052.13778662134,69847.5202304233,70656.16622066904,71571.61744779964,69254.2439625904,2
57568.43518506705,63378.90108146476,60089.50450271366,60431.64964502,61298.53033551837,60490.10832048482,62148.52168395268,62897.4425032208,61389.4057879318,2
58798.04131050732,65452.258395292345,73661.28929001107,81367.96218786426,87421.6599693776,87966.38951107004,89243.03883251306,85998.35604798832,84937.8837679862,2
58961.98542210731,66306.27383256235,74238.97894961108,81863.03357606426,86967.92485513761,87330.24150423004,88301.18392364308,85150.39829566832,84403.6613538362,2
57379.34477842732,59181.064778402346,63670.66405434108,69357.83635608426,75822.5258278176,78814.93759290005,81962.20779401308,79471.54925788831,76299.7243036662,2
58961.98542210731,66306.27383256235,74238.97894961108,81863.03357606426,86967.92485513761,87330.24150423004,88301.18392364308,85150.39829566832,84403.6613538362,2
58542.23047093411,61743.93459599016,64685.7561917655,69624.7021142548,74720.44750857765,77074.01534922261,81014.15908623477,74683.02463469216,60535.70307491982,2
60388.70980039731,68708.58645830235,77590.56172096108,86162.75948219426,92794.3211674176,94045.04695690004,96037.67825961308,92972.12327820832,91961.5188918662,2
60179.07642596731,69077.98292752235,78050.41838006108,86700.89091905426,92522.2275197176,93281.62579536006,94946.85254043309,91918.43458481831,91196.8747265162,2
58954.82918098731,66285.40295346236,74193.05428301108,81825.60821107426,86951.44805632759,87332.14828096004,88282.76232460309,85159.41701672832,84342.0812776262,2
60081.43187427731,68802.46923296235,77787.04695748108,86602.04943002426,92654.1821526676,93636.47984941004,95107.00261065309,91994.38310639832,91281.0240401462,2
57295.23485665731,60440.13963895235,67392.68945828108,74284.46943291425,80495.5352070276,81353.58830105004,82752.83357536308,79462.97261674832,76771.9888376062,2
58006.73913599016,52181.47876597131,53717.24681190152,55495.63307403472,57209.79800628384,58014.5993312404,59345.64764196812,57334.285728379255,55629.07074925662,2
56309.16994954016,49127.95650989131,48942.76781825152,49972.89896932472,52013.15404919384,54439.4987617804,57189.55546577812,55847.43361210925,53917.05618489662,2
57770.50925650388,54118.4395899256,54909.60872863756,56263.23042048788,57919.07128455168,58582.76296499775,59335.65751237456,56855.14317940317,53957.55725160955,2
60032.57495989067,68132.45027863573,75817.83557196538,83731.55553617846,88832.87469972302,89231.21965681713,89465.99511173398,85293.70237688703,84420.45087399895,2
57792.67578186346,62674.62726540964,67798.53133560198,72898.70726973706,77880.65527157529,80063.36201680194,81673.84372920128,78611.19095349249,76697.26184821043,2
58492.95806414058,65061.45103185804,71817.13653386838,78684.98347262155,84077.5373154081,84985.40442451213,86787.96156380107,84406.48700809892,84202.1477705127,2
54836.81643307647,62530.4939872528,65541.82153320928,69843.87348190605,74952.93158385914,77807.4943752541,77651.90670640854,73050.24580101004,67338.675289149,2
56393.192236382616,66067.14143038004,71880.32787831417,76053.34446129124,78597.43997080544,77710.5090403108,72971.40162365325,64880.91672864434,58465.98426910512,2
56567.56424207327,75330.05945622684,92389.78957935688,105705.16520391883,118771.58478275123,124402.0459904664,120088.70861375994,107541.51763453256,94870.833612322,2
56386.79087291262,66176.33912188004,72582.84661375418,77784.45592846125,80803.15366830544,80125.36124655079,75088.96355725324,66121.98666104434,58846.88729490513,2
56621.95718195328,75413.00716694685,93242.52881573688,107532.79641235885,120901.96671333125,127377.2508238864,123958.91387435992,111038.81814123254,97283.765662522,2
54717.45689545195,61858.0457240667,63930.636615365656,66135.4775348144,69100.31881880292,70001.09368397354,67854.51390114405,61880.87069351902,55734.5474571355,2
54816.28971809647,69147.35156068884,84518.89926559248,96315.19185045564,105940.30374468844,110850.5008756736,108442.28676734716,98748.97466989854,86626.82470934441,2
54679.08000021194,61933.8326701767,64670.94296288566,67507.1809432944,70613.21525755292,71522.00831238354,69147.10013064404,62602.16896741902,55879.9566614355,2
54777.91282285647,69270.66671089885,85191.41461116247,97738.62953739564,107401.43616960844,112523.1837540236,110730.05392944714,101362.78908149854,89240.2333173444,2
56571.89784519327,64510.622189236,70461.18089301049,75436.00628935725,79062.92600603394,79653.0432067493,78191.41293447535,74640.50374070164,71481.4032108954,2
54630.08448708813,60104.98563984265,62259.212246931216,64257.7737164527,66713.48614783851,68657.84515313215,69452.27810679923,67285.27847226511,64254.000137922594,2
57196.56424729674,73678.52107362954,92215.22094652407,107566.96742401074,122846.42422182894,133189.78972456852,134495.79037822122,125837.63892304136,114958.9091391566,2
54981.86285206514,62216.56588002484,68030.53592653679,68095.81682676064,67525.66979903574,63340.4378345163,56582.68421776914,49941.71419822164,44383.0875606226,2
54413.73557950858,66032.96979393443,81246.55032454258,94079.32442304373,104592.52812144916,113155.43602924234,115884.58950860426,110995.23592412483,102287.57826660816,2
57040.99262819709,66706.84136832834,75262.26459981377,80770.01809992305,86530.39518138213,90129.015170404,87316.11190159625,79804.33274938421,74309.42493394852,2
57040.99262819709,64967.05388101834,72797.17567110377,78204.06057476305,83939.47764259214,88401.62753352399,87247.52422619624,80705.4636402842,75295.16841994853,2
54063.8255606914,58250.65760758304,64199.64305321409,66220.12123232438,62611.07055515372,57397.94303985666,50239.75738760944,42568.83195517719,35782.11781490634,2
59248.24786689142,61953.44440213844,66793.47202928098,69927.37670426285,69671.55183852024,68214.7864102432,64856.45367451764,57993.712605677545,53489.40198289753,2
58650.34674108796,65771.1998751678,75583.97369165761,81118.18291779389,89253.63218095867,92761.20995306408,94811.63810546124,91435.17335287236,86002.16164022598,2
54998.79591835425,64967.11866996674,71970.82836026268,75094.97253986764,74751.80528885515,70047.9510565043,63260.147839396144,54267.97346727001,49339.490867255605,2
61056.97159527604,76470.64742749474,92978.94892701844,109832.45503492492,127886.4614837659,144670.12982544728,155970.00936386324,155691.99268279603,149787.01665133532,2
57166.82806441115,56520.5003906147,58657.197204726064,61295.92431817039,61765.50444952013,61019.16805615314,60690.47882436084,57075.07026905583,53629.0442560207,2
57430.785565397855,62829.904340476045,68507.32080577439,74021.86588625226,78693.9450003373,79602.05376506434,79984.52663222088,76745.20657810089,75110.93034588563,2
59939.430837028514,67814.82066445675,76551.11858618348,84941.79986610825,89565.13981236359,89784.97220878005,90089.74056055908,87219.51526139231,86547.5643374542,2
59990.50911794057,67333.83673123804,75292.04510564837,82825.25326078155,87043.5645828481,87518.50444176214,88275.57775330108,85510.84577299892,85227.5625627127,2
57426.48117622127,62217.56519146959,66526.79005951488,70213.27182156865,74225.80358061535,75923.6512541489,78972.17998604504,77805.63878261294,76817.8052911633,2
62373.37228203851,72073.75235903675,80617.55908709348,87609.48073175826,90848.8999492736,92630.04291866004,93427.01046655908,89305.35660049232,84034.0139962542,2
57426.48117622127,62217.56519146959,66526.79005951488,70213.27182156865,74225.80358061535,75923.6512541489,78972.17998604504,77805.63878261294,76817.8052911633,2
59990.50911794057,67333.83673123804,75292.04510564837,82825.25326078155,87043.5645828481,87518.50444176214,88275.57775330108,85510.84577299892,85227.5625627127,2
59253.99492062057,66061.88042241803,72700.40011834838,79527.10524796156,85000.93135329809,85934.77411572213,87542.71971350108,84988.87749729892,84709.0857077882,2
57782.603187402194,56656.39180861834,65203.81949682658,72507.84640943074,75437.05661820974,73280.892756931,68402.20111282643,60085.14558350104,55986.5658749139,2
57522.01368764622,70216.57653786344,78858.21505112069,83465.15748397414,85222.95962317694,85130.7818209016,82962.70625921035,79063.22911227804,75283.186428152,2
54788.58854617647,61075.9690883128,65343.06498439928,70107.27032308604,74646.17766170914,77688.00811844411,78107.34390680854,74009.04371861005,68403.51323364899,2
54949.69666895813,56186.12001746264,60574.31419386122,62067.6670014027,62655.71295812852,64058.63393772214,65606.25491419923,64417.27999506512,61753.3979669226,2
52860.21285951893,52529.02676898611,56833.64131840547,58113.8947494819,58885.06587818652,60320.67835418735,61356.30743749764,60064.69067880792,57264.9230529212,2
56783.25189466327,64809.83984715601,70772.34117629047,75567.61382458724,78346.85042257395,78743.0818845393,78108.68967447535,75093.83716060164,72080.2306783954,2
54903.27502263699,60045.77530369764,61671.567835006485,62403.29504202455,61609.84416832006,60442.57571801248,59034.607934969805,54709.38632175752,49960.686112110125,2
54816.73206508647,59529.136596280834,60719.40939513918,60632.41939105244,59549.97306895564,58151.5522962315,56098.04199534504,51608.20889655834,47081.3836417321,2
54883.24937211819,59766.73752301072,61063.98449186376,61280.524061625496,60265.45433666366,58990.01064663044,57395.20667283018,52989.1997121771,48368.66165780304,2
54927.84106843813,59593.33488378264,62438.486614211215,64754.6478022727,66561.92524298852,67979.47665314213,69031.94748059924,67250.16380806512,64152.8652353226,2
58075.95327329327,64809.0676357534,68711.67371019509,70328.24974611124,70125.00729631404,67591.5109647024,63446.57864195434,57614.75008963574,53373.4744390708,2
57530.6328555182,63490.97027423073,66871.38348328376,67718.1956809255,66100.69405310365,63864.59557052043,60907.74631893018,55434.9746486771,50223.40666510304,2
55412.596359153766,62844.09513480624,65823.42356276869,71574.60406933604,78186.66071306674,80849.4903508636,79631.50889151088,75114.55357889368,69254.83367665428,2
55699.70087539493,50244.20514133304,59696.56044730242,63075.54761561351,63837.25432793572,65409.08880729774,68126.00395008085,70480.28791447471,74328.710649807,2
55875.23466380016,51079.22854867132,59904.27526015152,63146.74626836472,63493.08871458384,64795.4026681404,66541.43175886812,67665.93557334924,71010.80239634661,2
55696.86975781493,50351.02606033304,60452.38887477243,64213.638791723504,65094.33480408572,66734.61556244774,69142.79488283084,70808.02194709472,74428.892986277,2
57740.97582166417,61672.77467181538,62164.65466688059,65369.56266278648,65599.40932228618,66131.40400575832,67944.69603511669,69929.27327701561,73922.91831761482,2
55819.08461920425,60269.02354575156,60069.36269006406,63263.6568540864,63438.90130704596,64810.554121792025,67491.31539324869,69738.4841786728,74125.9040424666,2
59991.429920946764,70720.2687917685,78795.3797116481,84159.1798653498,89301.87119278009,93879.20534690096,97201.20362962205,99147.85137240918,94777.16081091858,2
60078.85589467537,70793.81666997849,79064.77731043809,85126.18583852981,90371.03841448008,95557.06225155096,100312.51169205204,102652.4795747492,97927.80512817856,2
60058.86689754034,70834.26293405413,79276.75254971538,85613.62287671093,91259.36896691645,96954.6118948398,102356.10099484654,105590.58677269988,100894.42255825644,2
60158.383385678455,70959.01363899284,79412.25348582058,85933.2144511557,91868.20680238152,98175.45355510208,104381.01322476217,107589.09659387778,103813.01249046413,2
57800.51404503425,61398.48099891136,63793.14939566916,65612.6961430368,66671.86006142356,68203.54110957962,68799.93806988187,68761.1226198068,68333.6125509066,2
55129.62867842493,57975.84560124304,60422.86283116243,62273.509310873495,63365.41153099572,64848.16662338773,65242.74408273084,65233.47191690472,64953.893274787,2
55091.53054551573,57944.39744396651,58709.96105337468,57735.1017547283,57913.09962633732,58965.657717828144,59838.28124868924,60609.35953768672,60453.2054358056,2
58065.96743027425,61821.72943426156,62123.20969489406,60777.0500890664,60804.26568112596,61876.17905761202,63182.28626270868,63985.5764264628,63795.8492609766,2
59185.77453334456,64735.16496187543,70024.31778029678,69395.56402886694,68788.12940046754,67537.1858845681,64247.835239741245,59592.31844369104,50588.6945695364,2
62415.90436551218,74044.30292302411,82515.4120146107,88743.6812030693,93609.12535622978,98683.65929341156,102680.35904362252,105557.3436226482,100331.95220925967,2
67625.99031276217,82209.6659956341,89613.1583132507,93512.6293396393,95138.8475975798,99483.43600559156,104332.21282848254,110766.69990905818,115685.25236407969,2
60946.21678499455,67858.21439958544,72735.36088041677,72462.33915262694,71525.20549481755,71157.4590837981,68972.61335405124,63532.82002808104,53838.4993102924,2
62945.42151384456,79964.67877847544,100043.8270922868,117363.61329296694,129246.68693709756,139789.88003538808,147951.39061707124,151809.63546648104,147703.76409793238,2
61649.98567274516,71179.1881281551,77470.544878893,81532.4482459983,84821.62660870318,89616.38867463596,93005.76960612394,92101.40303863598,83530.31928598418,2
61460.38007412317,71045.8497317111,77405.338840415,81635.5300561203,84635.76236352518,89069.07740330996,92231.13385651594,90332.301273278,82277.90183871168,2
61578.11353156316,71379.5074607911,77711.143164555,81895.4790238503,84861.94591219518,89240.23773530996,92363.66825752596,90413.041061448,82314.35390258608,2
58270.96105230316,66595.12732877111,71958.677184505,75516.9300471803,77930.61458254217,81744.06622891997,84422.93326776594,83081.03393161799,76162.81244306898,2
61578.19061392316,71379.3847501611,77710.56540135501,81898.7503344303,84861.71706977517,89241.12084414996,92372.07740645594,90427.75390930798,82335.99043383167,2
61878.31750798316,72394.9243053611,79540.679596075,84630.0069174203,88501.62912697518,93755.82770348997,97619.02784208594,96107.37080041798,87879.99438740168,2
61878.31750798316,72394.9243053611,79540.679596075,84630.0069174203,88501.62912697518,93755.82770348997,97619.02784208594,96107.37080041798,87879.99438740168,2
61578.19061392316,71379.3847501611,77710.56540135501,81898.7503344303,84861.71706977517,89241.12084414996,92372.07740645594,90427.75390930798,82335.99043383167,2
61578.19061392316,71379.3847501611,77710.56540135501,81898.7503344303,84861.71706977517,89241.12084414996,92372.07740645594,90427.75390930798,82335.99043383167,2
58152.43413741316,66264.0573432111,71658.139761145,75255.94570029031,77706.51026781218,81568.33410103997,84270.48204389594,82954.81037397798,75976.91334427898,2
55963.315448715584,55066.50277984361,60539.52983466414,65143.64470942082,69676.46155781433,74625.3310388355,79407.85429501704,81318.44367686902,80004.23990086166,2
58022.87124236537,68850.37655799849,77245.7314819781,83536.0016399898,88924.2513072301,94599.01817652096,99213.16536345203,101768.0546131992,98020.31822239858,2
60206.66383117384,71048.54755744849,79596.2470465381,85844.33534243981,91246.5015535201,96829.06167265096,101513.67392426204,103980.89800098918,99845.33638597856,2
